iso_alpha;pop
AUS;35
USA;390
GBR;135
PRI;84
DOM;4
ITA;10
CAN;114
COL;50
KOR;32
MEX;8
JAM;5
ARG;15
PAN;11
CUB;5
NLD;80
NOR;5
IND;15
BRA;28
SWE;18
PHL;1
DEU;5
TUR;1
IRL;5
PNG;1
FRA;5
THA;3
CAF;8
BEL;2